{
  "problems": {
    "tsp": {
      "confirmed": false,
      "fra_win_rate": 0.0,
      "corr_K": -0.9473684210526317,
      "corr_d": 0.9486832980505139,
      "r2": -0.7015294788204853
    }
  },
  "overall_confirmed": false,
  "n_confirmed": 0,
  "n_total": 1
}