{
  "instances": [
    {
      "name": "fl3795",
      "n": 3795,
      "gap": 1.1,
      "leaves": 4,
      "time": 1.61,
      "lambda2": 1e-08,
      "lambda3": 1e-08,
      "lambda4": 2e-08,
      "gap_ratio_23": 0.771509,
      "gap_ratio_34": 0.900794,
      "spectral_entropy": 1.84716,
      "fiedler_normalized": 0.0,
      "mean_nn_dist": 5.7044,
      "cv_nn_dist": 1.623969,
      "spatial_entropy_norm": 0.770944,
      "aspect_ratio": 1.0261,
      "eigenvalues": [
        1e-08,
        1e-08,
        2e-08,
        2e-08,
        5e-08,
        5e-08,
        7e-08,
        8e-08
      ]
    },
    {
      "name": "fnl4461",
      "n": 4461,
      "gap": 3.28,
      "leaves": 8,
      "time": 0.77,
      "lambda2": 0.00069369,
      "lambda3": 0.00153028,
      "lambda4": 0.00304889,
      "gap_ratio_23": 0.453306,
      "gap_ratio_34": 0.501914,
      "spectral_entropy": 1.906854,
      "fiedler_normalized": 3.0945,
      "mean_nn_dist": 33.0649,
      "cv_nn_dist": 0.30567,
      "spatial_entropy_norm": 0.931229,
      "aspect_ratio": 1.4213,
      "eigenvalues": [
        0.00069369,
        0.00153028,
        0.00304889,
        0.00338313,
        0.00441086,
        0.00528215,
        0.00687102,
        0.00777585
      ]
    },
    {
      "name": "rl5915",
      "n": 5915,
      "gap": 2.06,
      "leaves": 8,
      "time": 1.35,
      "lambda2": 0.00034203,
      "lambda3": 0.00039116,
      "lambda4": 0.00049329,
      "gap_ratio_23": 0.874393,
      "gap_ratio_34": 0.792962,
      "spectral_entropy": 1.920894,
      "fiedler_normalized": 2.0231,
      "mean_nn_dist": 67.313,
      "cv_nn_dist": 0.632647,
      "spatial_entropy_norm": 0.960685,
      "aspect_ratio": 1.6762,
      "eigenvalues": [
        0.00034203,
        0.00039116,
        0.00049329,
        0.00119974,
        0.00144902,
        0.001547,
        0.00173767,
        0.00199464
      ]
    },
    {
      "name": "pla7397",
      "n": 7397,
      "gap": 1.7,
      "leaves": 8,
      "time": 1.85,
      "lambda2": 2.6e-07,
      "lambda3": 5.2e-07,
      "lambda4": 7.7e-07,
      "gap_ratio_23": 0.508904,
      "gap_ratio_34": 0.669806,
      "spectral_entropy": 1.664762,
      "fiedler_normalized": 0.002,
      "mean_nn_dist": 2539.1188,
      "cv_nn_dist": 0.86788,
      "spatial_entropy_norm": 0.844639,
      "aspect_ratio": 1.1613,
      "eigenvalues": [
        2.6e-07,
        5.2e-07,
        7.7e-07,
        9.9e-07,
        1.23e-06,
        3.43e-06,
        4.27e-06,
        6.59e-06
      ]
    },
    {
      "name": "rl11849",
      "n": 11849,
      "gap": 4.35,
      "leaves": 16,
      "time": 2.28,
      "lambda2": 1.7e-07,
      "lambda3": 3.1e-07,
      "lambda4": 0.00013836,
      "gap_ratio_23": 0.528093,
      "gap_ratio_34": 0.002269,
      "spectral_entropy": 1.653443,
      "fiedler_normalized": 0.002,
      "mean_nn_dist": 58.5358,
      "cv_nn_dist": 0.507088,
      "spatial_entropy_norm": 0.967492,
      "aspect_ratio": 1.7138,
      "eigenvalues": [
        1.7e-07,
        3.1e-07,
        0.00013836,
        0.00024953,
        0.00029627,
        0.00045053,
        0.00065746,
        0.00075875
      ]
    },
    {
      "name": "brd14051",
      "n": 14051,
      "gap": 4.74,
      "leaves": 16,
      "time": 3.0,
      "lambda2": 9e-08,
      "lambda3": 2.3e-07,
      "lambda4": 8.509e-05,
      "gap_ratio_23": 0.378984,
      "gap_ratio_34": 0.002732,
      "spectral_entropy": 1.592616,
      "fiedler_normalized": 0.0012,
      "mean_nn_dist": 26.327,
      "cv_nn_dist": 0.471854,
      "spatial_entropy_norm": 0.894195,
      "aspect_ratio": 1.5184,
      "eigenvalues": [
        9e-08,
        2.3e-07,
        8.509e-05,
        0.00022412,
        0.00035232,
        0.00061863,
        0.00076336,
        0.00090806
      ]
    },
    {
      "name": "d15112",
      "n": 15112,
      "gap": 5.29,
      "leaves": 16,
      "time": 2.8,
      "lambda2": 2.5e-07,
      "lambda3": 6.309e-05,
      "lambda4": 0.00018991,
      "gap_ratio_23": 0.003987,
      "gap_ratio_34": 0.332179,
      "spectral_entropy": 1.718563,
      "fiedler_normalized": 0.0038,
      "mean_nn_dist": 82.7504,
      "cv_nn_dist": 0.533031,
      "spatial_entropy_norm": 0.914526,
      "aspect_ratio": 1.328,
      "eigenvalues": [
        2.5e-07,
        6.309e-05,
        0.00018991,
        0.00028264,
        0.00053732,
        0.00060486,
        0.00086731,
        0.00101007
      ]
    },
    {
      "name": "d18512",
      "n": 18512,
      "gap": 6.46,
      "leaves": 32,
      "time": 2.29,
      "lambda2": 2.6e-07,
      "lambda3": 0.00013296,
      "lambda4": 0.00026169,
      "gap_ratio_23": 0.00195,
      "gap_ratio_34": 0.508096,
      "spectral_entropy": 1.797024,
      "fiedler_normalized": 0.0048,
      "mean_nn_dist": 27.8013,
      "cv_nn_dist": 0.438246,
      "spatial_entropy_norm": 0.934254,
      "aspect_ratio": 1.3677,
      "eigenvalues": [
        2.6e-07,
        0.00013296,
        0.00026169,
        0.00042219,
        0.00072257,
        0.00085349,
        0.00089783,
        0.00097258
      ]
    },
    {
      "name": "pla33810",
      "n": 33810,
      "gap": 7.4,
      "leaves": 64,
      "time": 7.61,
      "lambda2": 2.333e-05,
      "lambda3": 2.42e-05,
      "lambda4": 2.61e-05,
      "gap_ratio_23": 0.963998,
      "gap_ratio_34": 0.927205,
      "spectral_entropy": 2.067993,
      "fiedler_normalized": 0.7888,
      "mean_nn_dist": 1798.1481,
      "cv_nn_dist": 0.552432,
      "spatial_entropy_norm": 0.94957,
      "aspect_ratio": 1.1537,
      "eigenvalues": [
        2.333e-05,
        2.42e-05,
        2.61e-05,
        3.091e-05,
        3.309e-05,
        3.403e-05,
        3.45e-05,
        3.464e-05
      ]
    },
    {
      "name": "pla85900",
      "n": 85900,
      "gap": 7.99,
      "leaves": 3,
      "time": 9.81,
      "lambda2": 7.182e-05,
      "lambda3": 7.69e-05,
      "lambda4": 7.717e-05,
      "gap_ratio_23": 0.933959,
      "gap_ratio_34": 0.99647,
      "spectral_entropy": 2.073308,
      "fiedler_normalized": 6.1694,
      "mean_nn_dist": 1540.8498,
      "cv_nn_dist": 0.235245,
      "spatial_entropy_norm": 0.941311,
      "aspect_ratio": 1.1191,
      "eigenvalues": [
        7.182e-05,
        7.69e-05,
        7.717e-05,
        7.897e-05,
        8.426e-05,
        9.506e-05,
        9.593e-05,
        9.722e-05
      ]
    },
    {
      "name": "mona-lisa100K",
      "n": 100000,
      "gap": 3.17,
      "leaves": 1,
      "time": 12.14,
      "lambda2": 6.261e-05,
      "lambda3": 0.00010504,
      "lambda4": 0.0001366,
      "gap_ratio_23": 0.596052,
      "gap_ratio_34": 0.76896,
      "spectral_entropy": 1.936,
      "fiedler_normalized": 6.2608,
      "mean_nn_dist": 54.384,
      "cv_nn_dist": 0.376968,
      "spatial_entropy_norm": 0.972079,
      "aspect_ratio": 1.0002,
      "eigenvalues": [
        6.261e-05,
        0.00010504,
        0.0001366,
        0.00021809,
        0.00026328,
        0.00026445,
        0.00036249,
        0.00044412
      ]
    }
  ],
  "correlations": {
    "corr_lambda2_vs_gap": -0.244,
    "corr_gap_ratio_23_vs_gap": -0.0495,
    "corr_gap_ratio_34_vs_gap": 0.0072,
    "corr_spectral_entropy_vs_gap": 0.3459,
    "corr_fiedler_normalized_vs_gap": 0.1763,
    "corr_cv_nn_dist_vs_gap": -0.6212,
    "corr_spatial_entropy_norm_vs_gap": 0.4991,
    "corr_aspect_ratio_vs_gap": -0.0392,
    "corr_logN_vs_gap": 0.6597,
    "partial_corr_lambda2_vs_residual_gap": 0.0079,
    "partial_corr_gap_ratio_23_vs_residual_gap": -0.1927,
    "partial_corr_spectral_entropy_vs_residual_gap": 0.0802,
    "partial_corr_cv_nn_dist_vs_residual_gap": -0.3299,
    "partial_corr_spatial_entropy_norm_vs_residual_gap": 0.1899
  },
  "hypothesis": "Spectral properties of k-NN graph predict optimal solving strategy",
  "key_question": "Does spatial_entropy_norm predict gap% AFTER controlling for N?"
}