{
  "pla7397": {
    "n": 7397,
    "optimal": 23260728,
    "budget": 120,
    "runs": [
      2.607,
      2.972,
      2.079
    ],
    "mean": 2.553,
    "min": 2.079,
    "std": 0.367,
    "times": [
      100.6,
      96.4,
      98.9
    ],
    "phase_info": [
      {
        "stitch_ratio": 0.04969236547338488,
        "vcycle_time": 0.22880404199531768,
        "vcycle_improvement": 38505251.08606413
      },
      {
        "stitch_ratio": 0.06300867673783028,
        "vcycle_time": 0.18003654199128505,
        "vcycle_improvement": 39293309.675134614
      },
      {
        "stitch_ratio": 0.045923300284595424,
        "vcycle_time": 0.16182108399516437,
        "vcycle_improvement": 38999680.76912402
      }
    ]
  }
}