{
  "fl3795": {
    "n": 3795,
    "optimal": 28772,
    "length": 29366.615145237716,
    "gap": 2.07,
    "time": 120.0
  },
  "fnl4461": {
    "n": 4461,
    "optimal": 182566,
    "length": 188741.64435509895,
    "gap": 3.38,
    "time": 120.0
  },
  "rl5915": {
    "n": 5915,
    "optimal": 565530,
    "length": 574236.2762148043,
    "gap": 1.54,
    "time": 120.0
  }
}