{
  "fl3795": {
    "n": 3795,
    "optimal": 28772,
    "length": 30071.35131905607,
    "gap": 4.52,
    "time": 120.0
  },
  "fnl4461": {
    "n": 4461,
    "optimal": 182566,
    "length": 186839.81735968648,
    "gap": 2.34,
    "time": 120.0
  },
  "rl5915": {
    "n": 5915,
    "optimal": 565530,
    "length": 577692.1078273989,
    "gap": 2.15,
    "time": 120.0
  }
}