{
  "fl3795": {
    "n": 3795,
    "optimal": 28772,
    "length": 29355.187796085178,
    "gap": 2.03,
    "time": 120.0
  },
  "fnl4461": {
    "n": 4461,
    "optimal": 182566,
    "length": 186445.91618050047,
    "gap": 2.13,
    "time": 120.0
  },
  "rl5915": {
    "n": 5915,
    "optimal": 565530,
    "length": 577602.156736126,
    "gap": 2.13,
    "time": 120.0
  }
}