{
  "fl3795": {
    "n": 3795,
    "optimal": 28772,
    "length": 29463.269387888482,
    "gap": 2.4,
    "time": 120.0
  },
  "fnl4461": {
    "n": 4461,
    "optimal": 182566,
    "length": 186304.05095477751,
    "gap": 2.05,
    "time": 120.0
  },
  "rl5915": {
    "n": 5915,
    "optimal": 565530,
    "length": 578504.0813359681,
    "gap": 2.29,
    "time": 120.0
  }
}