{
  "fl3795": {
    "n": 3795,
    "optimal": 28772,
    "length": 30300.516243989812,
    "gap": 5.31,
    "time": 120.0
  },
  "fnl4461": {
    "n": 4461,
    "optimal": 182566,
    "length": 186314.9226770085,
    "gap": 2.05,
    "time": 120.0
  },
  "rl5915": {
    "n": 5915,
    "optimal": 565530,
    "length": 577139.8505852618,
    "gap": 2.05,
    "time": 120.0
  }
}